{"cameraMode":{"drawMode":0,"name":"Shaded","section":"Shading Mode"},"sceneLighting":true,"audioPlay":false,"sceneViewState":{"m_AlwaysRefresh":true,"showFog":true,"showSkybox":true,"showFlares":true,"showImageEffects":true,"showParticleSystems":true,"showVisualEffectGraphs":true,"m_FxEnabled":true},"in2DMode":false,"pivot":{"x":510.8568115234375,"y":963.5942993164063,"z":-18.0518798828125},"rotation":{"x":-0.02668541669845581,"y":0.011990660801529885,"z":0.00031986451358534396,"w":0.9995734095573425},"size":730.9818115234375,"orthographic":false}